name;description
Hello World;This is a test
Super Channel;This is another test
Yo;This is a third test
Awesome Network;Bringing you the best entertainment 24/7
Discovery Zone;Explore the wonders of the world through captivating documentaries
Comedy Central;Hilarious shows and stand-up comedies for endless laughter
Sports Mania;Experience the thrill of live sports action like never before
Foodie TV;Indulge in mouthwatering recipes and culinary adventures
Adventure Quest;Embark on adrenaline-pumping journeys to uncharted territories
Tech Talk;Stay up-to-date with the latest gadgets, innovations, and tech news
Fashion Forward;Unleash your inner fashionista with the trendiest styles and runway events
Nature's Symphony;Listen to the soothing sounds of nature and immerse yourself in tranquility
Lifestyle Guru;Discover tips and tricks to enhance your everyday life in every aspect
History Channel;Delve into the past and unravel the mysteries of ancient civilizations
Sci-Fi Spectacle;Journey into the realms of science fiction and explore alternate realities
Travel Bug;Get bitten by the travel bug and explore breathtaking destinations around the globe
Music Mix;Experience a diverse mix of musical genres and enjoy melodies that touch your soul
Health & Harmony;Find balance in your life with fitness routines, wellness practices, and mindfulness
Artistic Expressions;Appreciate the beauty of art in all its forms, from paintings to sculptures
Movie Mania;Enjoy a cinematic extravaganza with a wide range of movies from different genres
Kids Fun Zone;Delight your little ones with entertaining and educational content for all ages
Tech Trends;Discover the latest tech trends and innovations shaping the future
Reality TV Buzz;Get hooked on the drama and excitement of reality television
Global News Network;Stay informed with breaking news from around the world
Nature's HD;Witness the breathtaking beauty of nature in high-definition
Food Network;Learn from top chefs and explore delectable recipes from around the world
Extreme Sports;Push your limits with extreme sports adventures and jaw-dropping stunts
Bookworm's Paradise;Dive into a world of literature with book reviews, author interviews, and literary discussions
Home Makeover;Transform your living space with expert tips on interior design and home renovation
Animal Planet;Discover the wonders of the animal kingdom and witness wildlife in its natural habitat
Musical Melodies;Experience the magic of musical performances, from classical symphonies to modern hits
Science Explorers;Unravel the mysteries of science through captivating experiments and educational demonstrations
Action Zone;Get your adrenaline pumping with thrilling action-packed movies and TV shows
Career Boost;Unlock your potential and advance your career with expert advice and job market insights
Documentary Showcase;Explore thought-provoking documentaries on a wide range of subjects
Fashion Finesse;Stay ahead of the fashion curve with style tips, fashion industry news, and designer spotlights
Comedy Crunch;Laugh out loud with a variety of comedy sketches, sitcoms, and improv performances
Travel Diaries;Join adventurers as they share their travel experiences and inspire your wanderlust
Health & Wellness;Take care of your mind, body, and soul with fitness workouts, meditation, and self-care tips
Art House;Discover independent and avant-garde films that push the boundaries of artistic expression
Cartoon Carnival;Enter a world of animated fun with cartoons, animated movies, and colorful characters
Science Fiction Unlimited;Immerse yourself in a universe of futuristic technologies, alien civilizations, and epic space battles
Thriller Theater;Indulge in suspenseful and gripping stories that will keep you on the edge of your seat
Tech Geeks;Geek out on the latest gadgets, coding tutorials, and tech hacks
Nature's Haven;Escape to tranquil landscapes and serene natural environments
Fashion Icons;Get inspired by the iconic fashion trends and styles of past and present
Gaming Galore;Embark on virtual adventures and join a vibrant community of gamers
Healthy Habits;Discover healthy recipes, fitness routines, and wellness practices for a balanced lifestyle
Magic Moments;Experience the enchantment of magic shows and illusions that will leave you amazed
Sports Highlights;Catch up on the best moments and highlights from the world of sports
Binge-Worthy TV;Dive into addictive TV series and get hooked on captivating storylines
Nature's Treasures;Uncover the hidden wonders of nature, from majestic mountains to colorful coral reefs
Innovators' Hub;Explore groundbreaking inventions and visionary ideas that are shaping the future
Fine Arts Showcase;Celebrate the beauty of fine arts through exhibitions, performances, and interviews
Sci-Fi Fandom;Dive deep into the world of science fiction with discussions, fan theories, and interviews
Travel Escape;Transport yourself to stunning destinations and plan your dream vacations
Health Talk;Stay informed about the latest health trends, medical breakthroughs, and wellness tips
Animation Station;Immerse yourself in a world of animated films, series, and animated shorts
Timeless Classics;Relive the golden era of cinema with timeless movies and iconic performances
Parenting 101;Get expert advice and support for all aspects of parenting, from newborns to teenagers
Tech Innovations;Explore the cutting-edge technologies and innovations shaping our future
Nature's Wonderlands;Witness the breathtaking beauty of national parks, rainforests, and natural wonders
Reality Check;Experience the ups and downs of reality TV competitions and personal journeys
Culinary Adventures;Embark on a gastronomic journey with culinary tours, food festivals, and cooking classes
Music Discoveries;Unearth new music talents and discover hidden gems across various genres
Mindful Living;Embrace mindfulness and find inner peace through meditation, yoga, and self-reflection
Creative Corner;Unleash your creativity with DIY projects, crafting ideas, and artistic inspirations
Investigation Files;Dive into true crime stories and mysteries that keep you guessing till the end
Automotive Buzz;Stay up-to-date with the latest automotive news, car reviews, and driving tips
Sports Talk;Engage in lively discussions and debates about the world of sports
Food Fusion;Experience the fusion of different cuisines and flavors in innovative recipes
Outdoor Adventures;Embark on thrilling outdoor activities and discover the wonders of nature
